"SNPs","Genes"
"rs17114036","PLPP3"
"rs11206510",NA
"rs515135",NA
"rs646776","CELSR2"
"rs4845625","IL6R"
"rs17464857",NA
"rs16986953",NA
"rs6544713","ABCG8"
"rs1561198","VAMP5"
"rs2252641","TEX41"
"rs6725887","WDR12"
"rs9818870","MRAS"
"rs17087335","NOA1"
"rs1878406",NA
"rs7692387","GUCY1A1"
"rs273909","SLC22A4"
"rs12526453","PHACTR1"
"rs6903956","ADTRP"
"rs17609940","ANKS1A"
"rs10947789","KCNK5"
"rs12190287","TCF21"
"rs2048327","SLC22A3"
"rs4252120","PLG"
"rs2023938","HDAC9"
"rs10953541","BCAP29"
"rs11556924","ZC3HC1"
"rs3918226","NOS3"
"rs264","LPL"
"rs2954029",NA
"rs3217992",NA
"rs579459",NA
"rs2505083","JCAD"
"rs2047009",NA
"rs11203042","LIPA"
"rs12413409","CNNM2"
"rs10840293","SWAP70"
"rs974819",NA
"rs964184","ZPR1"
"rs7136259","ATP2B1"
"rs3184504","SH2B3"
"rs11830157","KSR2"
"rs9319428","FLT1"
"rs4773144","COL4A2"
"rs2895811","HHIPL1"
"rs56062135","SMAD3"
"rs7173743",NA
"rs8042271",NA
"rs17514846","FURIN"
"rs216172","SMG6"
"rs12936587",NA
"rs46522","UBE2Z"
"rs7212798","BCAS3"
"rs663129",NA
"rs2075650","TOMM40"
"rs12976411","LOC400684"
"rs1122608","SMARCA4"
"rs9982601",NA
"rs180803","POM121L9P"
